<?xml version="1.0" encoding="utf-8"?>
<xd:acceleratorMap xmlns:xd="http://www.xilinx.com/xidane" xd:functionName="nbody" xd:componentRef="nbody" xd:initiationInterval="x" xd:clockPeriod="10.000000" xd:sequential="true" xd:hostMachine="64" xd:reset="control">
  <xd:controlReg xd:name="control" xd:interfaceRef="s_axi_control" xd:busTypeRef="axilite" xd:type="generic_axi_lite" xd:offset="0x0"/>
  <xd:arg xd:name="*(p_x)" xd:originalName="p_x" xd:direction="inout" xd:interfaceRef="m_axi_gmem0" xd:busTypeRef="aximm" xd:dataWidth="512" xd:bufferDirection="in"/>
  <xd:arg xd:name="*(p_y)" xd:originalName="p_y" xd:direction="inout" xd:interfaceRef="m_axi_gmem1" xd:busTypeRef="aximm" xd:dataWidth="512" xd:bufferDirection="in"/>
  <xd:arg xd:name="*(p_z)" xd:originalName="p_z" xd:direction="inout" xd:interfaceRef="m_axi_gmem2" xd:busTypeRef="aximm" xd:dataWidth="512" xd:bufferDirection="in"/>
  <xd:arg xd:name="*(a_x)" xd:originalName="a_x" xd:direction="inout" xd:interfaceRef="m_axi_gmem3" xd:busTypeRef="aximm" xd:dataWidth="512" xd:bufferDirection="out"/>
  <xd:arg xd:name="*(a_y)" xd:originalName="a_y" xd:direction="inout" xd:interfaceRef="m_axi_gmem4" xd:busTypeRef="aximm" xd:dataWidth="512" xd:bufferDirection="out"/>
  <xd:arg xd:name="*(a_z)" xd:originalName="a_z" xd:direction="inout" xd:interfaceRef="m_axi_gmem5" xd:busTypeRef="aximm" xd:dataWidth="512" xd:bufferDirection="out"/>
  <xd:arg xd:name="*(c)" xd:originalName="c" xd:direction="inout" xd:interfaceRef="m_axi_gmem6" xd:busTypeRef="aximm" xd:dataWidth="512" xd:bufferDirection="in"/>
  <xd:arg xd:name="p_x_V" xd:originalName="p_x_V" xd:direction="in" xd:interfaceRef="s_axi_control" xd:busTypeRef="axilite" xd:aximmInterfaceRef="m_axi_gmem0" xd:dataWidth="32" xd:offset="0x10" xd:handshakeRef="ap_none"/>
  <xd:arg xd:name="p_y_V" xd:originalName="p_y_V" xd:direction="in" xd:interfaceRef="s_axi_control" xd:busTypeRef="axilite" xd:aximmInterfaceRef="m_axi_gmem1" xd:dataWidth="32" xd:offset="0x18" xd:handshakeRef="ap_none"/>
  <xd:arg xd:name="p_z_V" xd:originalName="p_z_V" xd:direction="in" xd:interfaceRef="s_axi_control" xd:busTypeRef="axilite" xd:aximmInterfaceRef="m_axi_gmem2" xd:dataWidth="32" xd:offset="0x20" xd:handshakeRef="ap_none"/>
  <xd:arg xd:name="a_x_V" xd:originalName="a_x_V" xd:direction="in" xd:interfaceRef="s_axi_control" xd:busTypeRef="axilite" xd:aximmInterfaceRef="m_axi_gmem3" xd:dataWidth="32" xd:offset="0x28" xd:handshakeRef="ap_none"/>
  <xd:arg xd:name="a_y_V" xd:originalName="a_y_V" xd:direction="in" xd:interfaceRef="s_axi_control" xd:busTypeRef="axilite" xd:aximmInterfaceRef="m_axi_gmem4" xd:dataWidth="32" xd:offset="0x30" xd:handshakeRef="ap_none"/>
  <xd:arg xd:name="a_z_V" xd:originalName="a_z_V" xd:direction="in" xd:interfaceRef="s_axi_control" xd:busTypeRef="axilite" xd:aximmInterfaceRef="m_axi_gmem5" xd:dataWidth="32" xd:offset="0x38" xd:handshakeRef="ap_none"/>
  <xd:arg xd:name="c_V" xd:originalName="c_V" xd:direction="in" xd:interfaceRef="s_axi_control" xd:busTypeRef="axilite" xd:aximmInterfaceRef="m_axi_gmem6" xd:dataWidth="32" xd:offset="0x40" xd:handshakeRef="ap_none"/>
  <xd:arg xd:name="EPS" xd:originalName="EPS" xd:direction="in" xd:interfaceRef="s_axi_control" xd:busTypeRef="axilite" xd:dataWidth="32" xd:offset="0x48" xd:handshakeRef="ap_none"/>
  <xd:arg xd:name="tiling_factor" xd:originalName="tiling_factor" xd:direction="in" xd:interfaceRef="s_axi_control" xd:busTypeRef="axilite" xd:dataWidth="32" xd:offset="0x50" xd:handshakeRef="ap_none"/>
  <xd:latencyEstimates xd:best-case="undef" xd:worst-case="undef" xd:average-case="undef"/>
  <xd:resourceEstimates xd:LUT="305130" xd:FF="226777" xd:BRAM="1584" xd:DSP="2028"/>
</xd:acceleratorMap>
