<?xml version="1.0" encoding="UTF-8"?>
<project>
  <core name="" type="" target="">
    <kernel name="nbody" language="c" vlnv="xilinx.com:hls:nbody:1.0" attributes="" hash="" preferredWorkGroupSizeMultiple="0" workGroupSize="1" debug="false">
      <port name="M_AXI_GMEM0" mode="master" range="0xFFFFFFFF" dataWidth="512" portType="addressable" base="0x00000000"/>
      <port name="M_AXI_GMEM1" mode="master" range="0xFFFFFFFF" dataWidth="512" portType="addressable" base="0x00000000"/>
      <port name="M_AXI_GMEM2" mode="master" range="0xFFFFFFFF" dataWidth="512" portType="addressable" base="0x00000000"/>
      <port name="M_AXI_GMEM3" mode="master" range="0xFFFFFFFF" dataWidth="512" portType="addressable" base="0x00000000"/>
      <port name="M_AXI_GMEM4" mode="master" range="0xFFFFFFFF" dataWidth="512" portType="addressable" base="0x00000000"/>
      <port name="M_AXI_GMEM5" mode="master" range="0xFFFFFFFF" dataWidth="512" portType="addressable" base="0x00000000"/>
      <port name="M_AXI_GMEM6" mode="master" range="0xFFFFFFFF" dataWidth="512" portType="addressable" base="0x00000000"/>
      <port name="S_AXI_CONTROL" mode="slave" range="0x1000" dataWidth="32" portType="addressable" base="0x00000000"/>
      <arg name="p_x_V" addressQualifier="1" id="0" port="M_AXI_GMEM0" size="0x4" offset="0x10" hostOffset="0x0" hostSize="0x4" type="*"/>
      <arg name="p_y_V" addressQualifier="1" id="1" port="M_AXI_GMEM1" size="0x4" offset="0x18" hostOffset="0x0" hostSize="0x4" type="*"/>
      <arg name="p_z_V" addressQualifier="1" id="2" port="M_AXI_GMEM2" size="0x4" offset="0x20" hostOffset="0x0" hostSize="0x4" type="*"/>
      <arg name="a_x_V" addressQualifier="1" id="3" port="M_AXI_GMEM3" size="0x4" offset="0x28" hostOffset="0x0" hostSize="0x4" type="*"/>
      <arg name="a_y_V" addressQualifier="1" id="4" port="M_AXI_GMEM4" size="0x4" offset="0x30" hostOffset="0x0" hostSize="0x4" type="*"/>
      <arg name="a_z_V" addressQualifier="1" id="5" port="M_AXI_GMEM5" size="0x4" offset="0x38" hostOffset="0x0" hostSize="0x4" type="*"/>
      <arg name="c_V" addressQualifier="1" id="6" port="M_AXI_GMEM6" size="0x4" offset="0x40" hostOffset="0x0" hostSize="0x4" type="*"/>
      <arg name="EPS" addressQualifier="0" id="7" port="S_AXI_CONTROL" size="0x4" offset="0x48" hostOffset="0x0" hostSize="0x4" type="float"/>
      <arg name="tiling_factor" addressQualifier="0" id="8" port="S_AXI_CONTROL" size="0x4" offset="0x50" hostOffset="0x0" hostSize="0x4" type="unsigned int"/>
      <compileWorkGroupSize x="1" y="1" z="1"/>
    </kernel>
  </core>
</project>
